jane@doe.com,Jane Doe,New
joe@doe.com,Joe Doe,New
john@doe.com,John Doe,New
julie@doe.com,Julie Doe,New
johan@doe.com,Johan Doe,New
joanne@doe.com,Joanne Doe,New
juliet@doe.com,Juliet Doe,New
june@doe.com,June Doe,New
juan@doe.com,Juan Doe,New
jamir@doe.com,Jamir Doe,New
jaden@doe.com,Jaden Doe,New
james@doe.com,James Doe,New
janus@doe.com,Janus Doe,New
jason@doe.com,Jason Doe,New
jay@doe.com,Jay Doe,New
jeff@doe.com,Jeff Doe,New
jenn@doe.com,Jenn Doe,New
joah@doe.com,Joah Doe,New
joyce@doe.com,Joyce Doe,New
joy@doe.com,Joy Doe,New
juke@doe.com,Juke Doe,New
johnnie@doe.com,Johnnie Doe,New
jim@doe.com,Jim Doe,New
jess@doe.com,Jess Doe,New
jabril@doe.com,Jabril Doe,New